FIELD1,Age,Sex,Job,Housing,Saving accounts,Checking account,Credit amount,Duration,Purpose,Risk,Point_Based_Result,Decision_Tree_Result
0,67,male,2,own,NA,little,1169,6,radio/TV,good,True,True
1,22,female,2,own,little,moderate,5951,48,radio/TV,bad,False,False
2,49,male,1,own,little,NA,2096,12,education,good,True,True
3,45,male,2,free,little,little,7882,42,furniture/equipment,good,False,False
4,53,male,2,free,little,little,4870,24,car,bad,False,False
5,35,male,1,free,NA,NA,9055,36,education,good,False,False
6,53,male,2,own,quite rich,NA,2835,24,furniture/equipment,good,True,True
7,35,male,3,rent,little,moderate,6948,36,car,good,False,True
8,61,male,1,own,rich,NA,3059,12,radio/TV,good,True,True
9,28,male,3,own,little,moderate,5234,30,car,bad,False,False
10,25,female,2,rent,little,moderate,1295,12,car,bad,False,False
11,24,female,2,rent,little,little,4308,48,business,bad,False,False
12,22,female,2,own,little,moderate,1567,12,radio/TV,good,True,True
13,60,male,1,own,little,little,1199,24,car,bad,False,False
14,28,female,2,rent,little,little,1403,15,car,good,True,True
15,32,female,1,own,moderate,little,1282,24,radio/TV,bad,False,True
16,53,male,2,own,NA,NA,2424,24,radio/TV,good,True,True
17,25,male,2,own,NA,little,8072,30,business,good,False,False
18,44,female,3,free,little,moderate,12579,24,car,bad,False,False
19,31,male,2,own,quite rich,NA,3430,24,radio/TV,good,False,True
20,48,male,2,own,little,NA,2134,9,car,good,True,True
21,44,male,2,rent,quite rich,little,2647,6,radio/TV,good,True,True
22,48,male,1,rent,little,little,2241,10,car,good,True,True
23,44,male,2,own,moderate,moderate,1804,12,car,good,True,True
24,26,male,2,own,NA,NA,2069,10,furniture/equipment,good,True,True
25,36,male,1,own,little,little,1374,6,furniture/equipment,good,True,True
26,39,male,1,own,little,NA,426,6,radio/TV,good,True,True
27,42,female,2,rent,rich,rich,409,12,radio/TV,good,True,True
28,34,male,2,own,little,moderate,2415,7,radio/TV,good,True,True
29,63,male,2,own,little,little,6836,60,business,bad,False,False
30,36,male,2,own,rich,moderate,1913,18,business,good,True,True
31,27,male,2,own,little,little,4020,24,furniture/equipment,good,False,True
32,30,male,2,own,moderate,moderate,5866,18,car,good,True,True
33,57,male,1,rent,NA,NA,1264,12,business,good,True,True
34,33,female,3,own,little,rich,1474,12,furniture/equipment,good,True,True
35,25,male,1,own,little,moderate,4746,45,radio/TV,bad,False,False
36,31,male,2,free,little,NA,6110,48,education,good,False,True
37,37,male,2,own,little,rich,2100,18,radio/TV,bad,False,False
38,37,male,2,own,little,rich,1225,10,domestic appliances,good,True,True
39,24,male,2,own,little,moderate,458,9,radio/TV,good,True,True
40,30,male,3,own,quite rich,NA,2333,30,radio/TV,good,False,True
41,26,male,2,own,quite rich,moderate,1158,12,radio/TV,good,True,True
42,44,male,1,own,little,moderate,6204,18,repairs,good,False,True
43,24,male,2,rent,moderate,little,6187,30,car,good,False,True
44,58,female,1,free,little,little,6143,48,car,bad,False,False
45,35,female,3,own,little,NA,1393,11,car,good,True,True
46,39,male,2,own,quite rich,NA,2299,36,radio/TV,good,False,True
47,23,female,0,rent,quite rich,little,1352,6,car,good,True,True
48,39,male,1,own,little,NA,7228,11,car,good,False,True
49,28,female,2,own,moderate,NA,2073,12,radio/TV,good,True,True
50,29,male,1,own,NA,moderate,2333,24,furniture/equipment,good,False,True
51,30,male,3,own,little,moderate,5965,27,car,good,False,True
52,25,male,2,own,little,NA,1262,12,radio/TV,good,True,True
53,31,male,2,own,NA,NA,3378,18,car,good,True,True
54,57,male,2,free,little,moderate,2225,36,car,bad,False,False
55,26,male,1,own,NA,NA,783,6,car,good,True,True
56,52,male,3,own,NA,moderate,6468,12,radio/TV,bad,False,False
57,31,female,2,own,little,NA,9566,36,radio/TV,good,False,False
58,23,female,3,own,little,rich,1961,18,car,good,True,True
59,23,female,1,rent,little,little,6229,36,furniture/equipment,bad,False,False
60,27,male,2,own,little,moderate,1391,9,business,good,True,True
61,50,male,2,own,NA,moderate,1537,15,radio/TV,good,True,True
62,61,male,3,free,little,moderate,1953,36,business,bad,False,False
63,25,male,2,own,little,moderate,14421,48,business,bad,False,False
64,26,female,2,own,little,NA,3181,24,radio/TV,good,False,True
65,48,male,2,own,NA,NA,5190,27,repairs,good,True,True
66,29,female,2,own,little,NA,2171,12,radio/TV,good,True,True
67,22,male,2,own,rich,moderate,1007,12,car,good,True,True
68,37,male,2,free,little,NA,1819,36,education,bad,False,False
69,25,female,2,own,NA,NA,2394,36,radio/TV,good,False,True
70,30,female,2,own,little,NA,8133,36,car,good,False,False
71,46,male,1,rent,NA,NA,730,7,radio/TV,good,True,True
72,51,male,3,free,little,little,1164,8,vacation/others,good,True,True
73,41,female,1,own,little,moderate,5954,42,business,good,True,True
74,40,male,3,own,NA,little,1977,36,education,bad,False,False
75,66,male,3,free,little,little,1526,12,car,good,True,True
76,34,male,2,own,little,little,3965,42,radio/TV,bad,False,False
77,51,male,2,own,little,moderate,4771,11,radio/TV,good,True,True
78,39,male,1,own,NA,NA,9436,54,car,good,False,False
79,22,male,2,own,little,moderate,3832,30,furniture/equipment,good,False,True
80,44,female,2,own,NA,NA,5943,24,radio/TV,bad,False,False
81,47,male,2,own,quite rich,NA,1213,15,radio/TV,good,True,True
82,24,female,1,rent,moderate,NA,1568,18,business,good,True,True
83,58,female,1,own,little,little,1755,24,vacation/others,good,True,True
84,52,male,1,own,little,little,2315,10,radio/TV,good,True,True
85,29,female,3,own,little,NA,1412,12,business,good,True,True
86,27,female,2,own,little,moderate,1295,18,furniture/equipment,good,True,True
87,47,male,2,free,moderate,moderate,12612,36,education,bad,False,True
88,30,male,3,own,moderate,little,2249,18,car,good,True,True
89,28,male,2,own,little,little,1108,12,repairs,bad,False,False
90,56,male,2,own,little,NA,618,12,radio/TV,good,True,True
91,54,male,2,own,little,little,1409,12,car,good,True,True
92,33,female,1,own,NA,NA,797,12,radio/TV,bad,False,False
93,20,male,2,rent,NA,rich,3617,24,furniture/equipment,good,False,True
94,54,male,2,own,rich,moderate,1318,12,car,good,True,True
95,58,male,2,rent,little,moderate,15945,54,business,bad,False,False
96,61,female,2,own,NA,NA,2012,12,education,good,True,True
97,34,male,2,own,moderate,moderate,2622,18,business,good,True,True
98,36,male,2,own,little,moderate,2337,36,radio/TV,good,False,True
99,36,male,3,rent,NA,moderate,7057,20,car,good,False,True
100,41,male,1,rent,moderate,NA,1469,24,car,good,True,True
101,24,male,2,rent,little,moderate,2323,36,radio/TV,good,False,True
102,24,female,2,own,little,NA,932,6,radio/TV,good,True,True
103,35,male,2,rent,little,moderate,1919,9,furniture/equipment,good,True,True
104,26,male,2,rent,NA,NA,2445,12,car,good,True,True
105,39,male,3,own,little,moderate,11938,24,vacation/others,bad,False,False
106,39,male,3,own,little,NA,6458,18,car,bad,False,False
107,32,male,2,own,little,moderate,6078,12,car,good,False,True
108,30,female,2,own,NA,little,7721,24,furniture/equipment,good,False,True
109,35,male,2,own,quite rich,moderate,1410,14,business,good,True,True
110,31,male,2,own,moderate,moderate,1449,6,business,good,True,True
111,23,female,2,rent,little,rich,392,15,education,good,True,True
112,28,male,1,rent,little,moderate,6260,18,car,good,False,True
113,25,female,2,own,little,NA,7855,36,car,bad,False,False
114,35,male,2,own,quite rich,little,1680,12,radio/TV,good,True,True
115,47,male,2,own,NA,NA,3578,48,radio/TV,good,True,True
116,30,female,3,own,NA,little,7174,42,radio/TV,bad,False,False
117,27,female,2,rent,NA,little,2132,10,furniture/equipment,good,True,True
118,23,female,2,own,quite rich,little,4281,33,furniture/equipment,bad,False,False
119,36,male,3,own,quite rich,moderate,2366,12,car,good,True,True
120,25,female,2,own,little,little,1835,21,radio/TV,bad,False,False
121,41,female,3,rent,little,NA,3868,24,car,good,True,True
122,24,male,1,rent,little,NA,1768,12,furniture/equipment,good,True,True
123,63,male,2,free,little,rich,781,10,car,good,True,True
124,27,female,2,rent,NA,moderate,1924,18,furniture/equipment,bad,False,False
125,30,male,2,own,little,little,2121,12,car,good,True,True
126,40,male,1,own,little,little,701,12,radio/TV,good,True,True
127,30,male,2,own,little,moderate,639,12,repairs,bad,False,False
128,34,male,3,own,little,moderate,1860,12,car,good,True,True
129,29,female,2,own,little,little,3499,12,car,bad,False,False
130,24,female,2,own,NA,moderate,8487,48,car,good,False,False
131,29,male,2,own,little,little,6887,36,education,bad,False,False
132,27,male,1,own,little,NA,2708,15,furniture/equipment,good,True,True
133,47,male,2,free,little,NA,1984,18,furniture/equipment,good,True,True
134,21,female,2,own,moderate,NA,10144,60,radio/TV,good,False,False
135,38,female,2,own,NA,NA,1240,12,radio/TV,good,True,True
136,27,male,2,own,rich,NA,8613,27,car,good,False,False
137,66,male,1,own,quite rich,moderate,766,12,radio/TV,bad,False,False
138,35,male,2,own,NA,moderate,2728,15,radio/TV,good,True,True
139,44,female,1,rent,little,rich,1881,12,radio/TV,good,True,True
140,27,male,0,own,rich,rich,709,6,car,good,True,True
141,30,female,3,own,little,moderate,4795,36,radio/TV,good,False,True
142,27,male,3,own,little,little,3416,27,radio/TV,good,False,True
143,22,male,2,own,little,little,2462,18,furniture/equipment,bad,False,False
144,23,female,2,own,little,NA,2288,21,furniture/equipment,good,True,True
145,30,male,2,own,moderate,moderate,3566,48,business,good,True,True
146,39,female,2,own,little,little,860,6,car,good,True,True
147,51,female,2,own,moderate,NA,682,12,car,good,True,True
148,28,male,2,own,little,little,5371,36,furniture/equipment,good,False,True
149,46,male,2,own,rich,NA,1582,18,radio/TV,good,True,True
150,42,male,2,free,moderate,NA,1346,6,radio/TV,good,True,True
151,38,male,2,own,little,NA,1924,10,radio/TV,good,True,True
152,24,male,2,own,little,rich,5848,36,radio/TV,good,False,True
153,29,female,2,rent,rich,moderate,7758,24,car,good,False,True
154,36,male,3,rent,moderate,moderate,6967,24,business,good,False,True
155,20,female,2,rent,little,little,1282,12,furniture/equipment,bad,False,False
156,48,male,2,own,moderate,little,1288,9,repairs,good,True,True
157,45,male,1,own,little,little,339,12,education,good,True,True
158,38,male,2,own,moderate,moderate,3512,24,car,good,True,True
159,34,male,1,own,NA,NA,1898,6,radio/TV,good,True,True
160,36,male,2,own,moderate,NA,2872,24,radio/TV,good,True,True
161,30,female,2,own,little,NA,1055,18,car,good,True,True
162,36,male,2,own,quite rich,NA,1262,15,domestic appliances,good,True,True
163,70,male,3,free,little,moderate,7308,10,car,good,True,True
164,36,male,2,own,quite rich,NA,909,36,car,good,False,True
165,32,male,2,own,quite rich,NA,2978,6,furniture/equipment,good,True,True
166,33,female,2,own,little,little,1131,18,furniture/equipment,bad,False,False
167,20,female,2,own,rich,moderate,1577,11,furniture/equipment,good,True,True
168,25,female,2,rent,little,NA,3972,24,furniture/equipment,good,False,True
169,31,male,2,own,little,moderate,1935,24,business,bad,False,False
170,33,male,2,rent,little,little,950,15,car,bad,False,False
171,26,female,2,own,little,NA,763,12,furniture/equipment,good,True,True
172,34,female,3,own,little,moderate,2064,24,furniture/equipment,bad,False,False
173,33,male,2,own,little,moderate,1414,8,radio/TV,good,True,True
174,26,male,2,own,little,little,3414,21,education,bad,False,False
175,53,female,3,own,NA,NA,7485,30,car,bad,False,False
176,42,male,2,own,little,little,2577,12,furniture/equipment,good,True,True
177,52,male,2,own,quite rich,little,338,6,radio/TV,good,True,True
178,31,male,3,rent,little,NA,1963,12,radio/TV,good,True,True
179,65,male,2,own,little,little,571,21,car,good,True,True
180,28,male,2,own,little,NA,9572,36,business,bad,False,False
181,30,male,3,own,little,moderate,4455,36,business,bad,False,False
182,40,male,1,own,NA,little,1647,21,car,bad,False,False
183,50,male,2,own,rich,NA,3777,24,furniture/equipment,good,True,True
184,36,male,2,own,little,moderate,884,18,car,bad,False,False
185,31,male,2,own,little,NA,1360,15,radio/TV,good,True,True
186,74,female,3,free,little,moderate,5129,9,car,bad,False,False
187,68,male,0,free,little,moderate,1175,16,car,good,True,True
188,20,male,2,own,moderate,little,674,12,radio/TV,bad,False,True
189,33,female,2,own,little,moderate,3244,18,furniture/equipment,good,True,True
190,54,male,3,own,rich,NA,4591,24,business,bad,False,True
191,34,male,1,free,moderate,moderate,3844,48,business,bad,False,True
192,36,male,2,own,little,moderate,3915,27,business,bad,False,False
193,29,male,2,rent,little,NA,2108,6,radio/TV,good,True,True
194,21,male,2,rent,moderate,moderate,3031,45,radio/TV,bad,False,True
195,34,female,3,own,little,moderate,1501,9,education,bad,False,False
196,28,female,2,own,little,NA,1382,6,radio/TV,good,True,True
197,27,female,2,rent,moderate,moderate,951,12,furniture/equipment,bad,False,True
198,36,male,2,free,NA,moderate,2760,24,car,good,False,True
199,40,male,3,own,little,moderate,4297,18,furniture/equipment,bad,False,False
200,52,male,2,own,quite rich,NA,936,9,education,good,True,True
201,27,male,1,own,little,little,1168,12,car,good,True,True
202,26,male,2,own,little,NA,5117,27,business,good,False,True
203,21,male,2,rent,little,little,902,12,education,bad,False,False
204,38,male,1,own,little,NA,1495,12,car,good,True,True
205,38,male,3,free,little,little,10623,30,car,good,False,False
206,43,male,2,own,little,NA,1935,12,furniture/equipment,good,True,True
207,26,male,2,own,little,moderate,1424,12,domestic appliances,good,True,True
208,21,male,1,own,little,little,6568,24,business,good,False,True
209,55,male,2,own,rich,NA,1413,12,car,good,True,True
210,33,male,2,own,NA,NA,3074,9,radio/TV,good,True,True
211,45,female,1,own,NA,NA,3835,36,radio/TV,good,True,True
212,50,male,2,own,little,little,5293,27,business,bad,False,False
213,66,male,3,own,little,rich,1908,30,business,bad,False,False
214,51,male,2,own,NA,NA,3342,36,radio/TV,good,True,True
215,39,female,1,own,NA,moderate,932,6,education,good,True,True
216,31,male,2,own,little,little,3104,18,business,good,True,True
217,23,male,2,own,little,rich,3913,36,radio/TV,good,False,True
218,24,male,1,rent,little,little,3021,24,furniture/equipment,good,False,True
219,64,female,2,own,little,NA,1364,10,car,good,True,True
220,26,male,1,own,little,moderate,625,12,radio/TV,good,True,True
221,23,female,2,rent,NA,little,1200,12,education,good,True,True
222,30,male,2,own,little,NA,707,12,radio/TV,good,True,True
223,32,male,2,own,NA,NA,2978,24,business,good,False,True
224,30,male,2,own,little,NA,4657,15,car,good,True,True
225,27,male,2,own,little,NA,2613,36,repairs,good,False,True
226,27,male,2,own,rich,moderate,10961,48,radio/TV,bad,False,True
227,53,male,3,free,little,little,7865,12,furniture/equipment,bad,False,False
228,22,male,2,own,little,NA,1478,9,radio/TV,bad,False,False
229,22,male,2,free,little,little,3149,24,furniture/equipment,good,False,True
230,26,male,2,own,little,rich,4210,36,radio/TV,bad,False,False
231,51,male,1,free,quite rich,NA,2507,9,car,good,True,True
232,35,male,2,own,moderate,NA,2141,12,radio/TV,good,True,True
233,25,male,1,own,little,moderate,866,18,radio/TV,good,True,True
234,42,male,1,own,little,NA,1544,4,radio/TV,good,True,True
235,30,male,3,own,little,little,1823,24,radio/TV,bad,False,False
236,23,male,0,own,NA,moderate,14555,6,car,bad,False,False
237,61,male,1,rent,moderate,moderate,2767,21,business,bad,False,True
238,35,female,2,own,little,NA,1291,12,radio/TV,good,True,True
239,39,male,2,own,little,little,2522,30,radio/TV,good,False,True
240,29,female,2,own,NA,little,915,24,car,bad,False,False
241,51,male,2,own,little,NA,1595,6,radio/TV,good,True,True
242,24,male,2,free,little,little,4605,48,car,bad,False,False
243,27,female,2,own,little,NA,1185,12,business,good,True,True
244,35,female,1,own,quite rich,NA,3447,12,education,good,True,True
245,25,male,2,own,little,NA,1258,24,business,good,False,True
246,52,male,2,own,little,NA,717,12,radio/TV,good,True,True
247,35,male,2,rent,moderate,NA,1204,6,car,good,True,True
248,26,male,2,own,little,rich,1925,24,furniture/equipment,good,False,True
249,22,female,2,rent,little,NA,433,18,radio/TV,bad,False,False
250,39,female,1,own,rich,little,666,6,car,good,True,True
251,46,female,1,own,little,rich,2251,12,furniture/equipment,good,True,True
252,24,female,2,own,little,moderate,2150,30,car,bad,False,False
253,35,male,2,own,moderate,NA,4151,24,furniture/equipment,good,True,True
254,24,male,2,own,NA,moderate,2030,9,furniture/equipment,good,True,True
255,27,male,1,own,NA,moderate,7418,60,radio/TV,good,False,False
256,35,male,1,own,little,NA,2684,24,radio/TV,good,False,True
257,29,male,2,free,little,little,2149,12,radio/TV,bad,False,False
258,23,female,2,own,moderate,NA,3812,15,car,good,True,True
259,57,female,1,own,moderate,NA,1154,11,radio/TV,good,True,True
260,27,male,2,own,little,little,1657,12,furniture/equipment,good,True,True
261,55,female,2,own,little,little,1603,24,radio/TV,good,True,True
262,36,male,3,free,little,little,5302,18,car,good,True,True
263,57,female,1,free,little,NA,2748,12,education,good,True,True
264,32,male,1,own,little,NA,1231,10,car,good,True,True
265,37,male,2,own,little,moderate,802,15,radio/TV,bad,False,False
266,36,male,2,own,NA,NA,6304,36,business,good,False,True
267,38,female,2,own,little,NA,1533,24,radio/TV,good,False,True
268,45,male,3,own,little,little,8978,14,car,bad,False,False
269,25,male,2,own,NA,NA,999,24,radio/TV,good,False,True
270,32,male,2,own,NA,NA,2662,18,car,good,True,True
271,37,female,2,rent,quite rich,NA,1402,12,furniture/equipment,good,True,True
272,36,male,3,free,NA,moderate,12169,48,car,good,False,False
273,28,male,2,own,little,moderate,3060,48,radio/TV,bad,False,False
274,34,male,1,own,little,little,11998,30,repairs,bad,False,False
275,32,male,2,own,little,NA,2697,9,radio/TV,good,True,True
276,26,female,2,own,little,NA,2404,18,radio/TV,good,True,True
277,49,male,1,own,NA,little,1262,12,furniture/equipment,good,True,True
278,32,female,2,own,little,NA,4611,6,furniture/equipment,bad,False,False
279,29,male,3,rent,moderate,NA,1901,24,radio/TV,good,True,True
280,23,male,2,rent,rich,NA,3368,15,car,good,True,True
281,50,male,2,own,little,NA,1574,12,furniture/equipment,good,True,True
282,49,male,1,own,NA,rich,1445,18,radio/TV,good,True,True
283,63,male,2,own,NA,NA,1520,15,furniture/equipment,good,True,True
284,37,male,2,own,moderate,moderate,3878,24,car,good,True,True
285,35,female,1,own,little,little,10722,47,car,good,False,False
286,26,male,2,own,little,little,4788,48,car,good,False,True
287,31,male,3,free,moderate,moderate,7582,48,vacation/others,good,False,False
288,49,female,2,own,little,moderate,1092,12,radio/TV,good,True,True
289,48,male,2,own,little,little,1024,24,radio/TV,bad,False,False
290,26,male,2,own,little,NA,1076,12,business,good,True,True
291,28,male,3,rent,little,moderate,9398,36,car,bad,False,False
292,44,female,3,free,little,little,6419,24,car,good,False,True
293,56,male,2,free,little,rich,4796,42,car,good,True,True
294,46,male,3,own,NA,NA,7629,48,business,good,False,False
295,26,female,2,own,little,moderate,9960,48,furniture/equipment,bad,False,False
296,20,female,2,rent,NA,NA,4675,12,car,good,False,True
297,45,male,1,own,NA,NA,1287,10,car,good,True,True
298,43,male,2,own,little,NA,2515,18,furniture/equipment,good,True,True
299,32,male,2,own,rich,moderate,2745,21,furniture/equipment,good,True,True
300,54,female,0,own,little,NA,672,6,car,good,True,True
301,42,female,2,own,little,moderate,3804,36,radio/TV,bad,False,False
302,37,male,1,own,NA,rich,1344,24,car,bad,False,False
303,49,male,2,own,little,little,1038,10,car,good,True,True
304,44,male,2,free,quite rich,NA,10127,48,car,bad,False,False
305,33,male,2,own,rich,NA,1543,6,furniture/equipment,good,True,True
306,24,female,1,rent,NA,NA,4811,30,car,good,False,True
307,33,male,1,own,moderate,little,727,12,radio/TV,bad,False,True
308,24,female,2,own,little,moderate,1237,8,furniture/equipment,bad,False,False
309,22,male,1,rent,little,moderate,276,9,car,good,True,True
310,40,male,0,free,NA,moderate,5381,48,vacation/others,good,False,True
311,25,male,2,own,moderate,NA,5511,24,furniture/equipment,good,False,True
312,26,female,2,own,little,rich,3749,24,furniture/equipment,good,False,True
313,25,male,1,own,little,moderate,685,12,car,bad,False,False
314,29,male,1,own,NA,rich,1494,4,car,good,True,True
315,31,male,2,own,little,little,2746,36,furniture/equipment,bad,False,False
316,38,male,1,own,little,little,708,12,furniture/equipment,good,True,True
317,48,female,1,own,NA,moderate,4351,24,furniture/equipment,good,True,True
318,32,male,2,own,little,NA,701,12,education,good,True,True
319,27,female,1,own,little,little,3643,15,furniture/equipment,good,True,True
320,28,male,3,own,little,moderate,4249,30,car,bad,False,False
321,32,male,2,own,little,little,1938,24,radio/TV,bad,False,False
322,34,male,3,free,little,little,2910,24,car,good,False,True
323,28,male,2,own,rich,little,2659,18,furniture/equipment,good,True,True
324,36,female,2,own,little,NA,1028,18,car,good,True,True
325,39,male,1,own,little,little,3398,8,car,good,True,True
326,49,male,2,rent,NA,NA,5801,12,furniture/equipment,good,True,True
327,34,female,2,own,rich,NA,1525,24,car,good,True,True
328,31,male,2,own,little,rich,4473,36,radio/TV,good,False,True
329,28,male,2,own,little,moderate,1068,6,radio/TV,good,True,True
330,75,male,3,free,little,little,6615,24,car,good,False,True
331,30,female,2,own,moderate,NA,1864,18,education,bad,False,True
332,24,female,3,own,moderate,moderate,7408,60,car,bad,False,True
333,24,female,1,rent,moderate,NA,11590,48,car,bad,False,True
334,23,male,2,rent,little,little,4110,24,furniture/equipment,bad,False,False
335,44,male,3,rent,little,little,3384,6,furniture/equipment,bad,False,False
336,23,female,1,own,little,moderate,2101,13,radio/TV,good,True,True
337,24,female,2,rent,NA,little,1275,15,domestic appliances,bad,False,False
338,28,male,2,own,little,little,4169,24,furniture/equipment,good,False,True
339,31,male,1,own,little,moderate,1521,10,furniture/equipment,good,True,True
340,24,female,2,free,little,moderate,5743,24,education,good,False,True
341,26,female,1,rent,little,little,3599,21,furniture/equipment,good,True,True
342,25,male,2,rent,quite rich,moderate,3213,18,radio/TV,good,False,True
343,33,male,3,own,little,moderate,4439,18,business,good,True,True
344,37,male,1,own,little,rich,3949,10,car,good,True,True
345,43,female,1,own,little,NA,1459,15,radio/TV,good,True,True
346,23,male,2,own,little,moderate,882,13,radio/TV,good,True,True
347,23,female,0,rent,quite rich,moderate,3758,24,radio/TV,good,False,True
348,34,male,1,own,moderate,NA,1743,6,business,good,True,True
349,32,male,2,free,rich,moderate,1136,9,education,bad,False,True
350,23,female,2,rent,little,NA,1236,9,domestic appliances,good,True,True
351,29,female,2,own,little,moderate,959,9,furniture/equipment,bad,False,False
352,38,male,3,own,NA,NA,3229,18,car,good,True,True
353,28,male,2,rent,little,little,6199,12,radio/TV,bad,False,False
354,46,male,2,free,quite rich,NA,727,10,education,good,True,True
355,23,male,1,own,little,moderate,1246,24,car,bad,False,False
356,49,male,2,own,NA,NA,2331,12,radio/TV,good,True,True
357,26,male,3,own,little,NA,4463,36,radio/TV,bad,False,False
358,28,male,2,own,little,NA,776,12,radio/TV,good,True,True
359,23,female,2,rent,little,little,2406,30,furniture/equipment,bad,False,False
360,61,male,2,free,NA,moderate,1239,18,education,good,True,True
361,37,male,3,own,NA,rich,3399,12,radio/TV,good,True,True
362,36,female,2,own,little,rich,2247,12,car,good,True,True
363,21,male,2,rent,little,NA,1766,6,furniture/equipment,good,True,True
364,25,male,0,own,little,little,2473,18,furniture/equipment,bad,False,False
365,36,male,2,own,little,NA,1542,12,business,good,True,True
366,27,male,2,own,little,NA,3850,18,car,good,True,True
367,22,female,2,rent,little,little,3650,18,furniture/equipment,good,False,True
368,42,male,2,own,little,little,3446,36,furniture/equipment,bad,False,False
369,40,female,2,rent,little,moderate,3001,18,furniture/equipment,good,True,True
370,36,male,2,own,NA,NA,3079,36,car,good,False,True
371,33,male,2,own,little,NA,6070,18,radio/TV,good,False,True
372,23,female,2,rent,little,NA,2146,10,furniture/equipment,good,True,True
373,63,male,3,free,NA,NA,13756,60,car,good,False,False
374,60,female,3,free,moderate,moderate,14782,60,vacation/others,bad,False,True
375,37,female,2,rent,little,little,7685,48,business,bad,False,False
376,34,male,2,own,little,NA,2320,18,radio/TV,good,True,True
377,36,male,2,free,NA,NA,846,7,radio/TV,good,True,True
378,57,male,3,free,little,moderate,14318,36,car,bad,False,False
379,52,female,1,own,moderate,NA,362,6,car,good,True,True
380,39,male,2,own,NA,little,2212,20,furniture/equipment,good,True,True
381,38,female,3,free,little,moderate,12976,18,car,bad,False,False
382,25,female,2,rent,NA,NA,1283,22,car,good,True,True
383,26,male,2,own,little,rich,1330,12,car,good,True,True
384,26,male,1,own,moderate,NA,4272,30,business,good,True,True
385,25,female,2,own,little,NA,2238,18,radio/TV,good,True,True
386,21,female,2,rent,NA,NA,1126,18,radio/TV,good,True,True
387,40,male,3,own,little,moderate,7374,18,furniture/equipment,good,False,True
388,27,male,2,own,quite rich,moderate,2326,15,business,good,True,True
389,27,female,2,own,little,NA,1449,9,business,good,True,True
390,30,male,3,own,little,NA,1820,18,car,good,True,True
391,19,female,1,rent,rich,moderate,983,12,furniture/equipment,good,True,True
392,39,male,3,free,little,little,3249,36,car,good,False,True
393,31,female,2,own,little,little,1957,6,radio/TV,good,True,True
394,31,male,3,own,little,NA,2406,9,furniture/equipment,good,True,True
395,32,male,2,rent,moderate,moderate,11760,39,education,good,False,False
396,55,female,3,free,little,little,2578,12,furniture/equipment,good,True,True
397,46,male,2,own,little,little,2348,36,furniture/equipment,good,True,True
398,46,male,2,rent,little,moderate,1223,12,car,bad,False,False
399,43,female,1,own,rich,NA,1516,24,radio/TV,good,True,True
400,39,male,2,own,little,NA,1473,18,radio/TV,good,True,True
401,28,male,2,own,NA,moderate,1887,18,business,good,True,True
402,27,male,2,own,little,NA,8648,24,business,bad,False,False
403,27,male,1,own,little,NA,802,14,car,good,True,True
404,43,male,2,own,NA,moderate,2899,18,car,good,True,True
405,22,male,2,own,little,moderate,2039,24,radio/TV,bad,False,False
406,43,male,2,own,NA,NA,2197,24,car,good,True,True
407,27,male,2,own,little,little,1053,15,radio/TV,good,True,True
408,26,male,3,own,quite rich,NA,3235,24,radio/TV,good,False,True
409,28,male,2,own,quite rich,rich,939,12,car,bad,False,False
410,20,female,2,own,little,moderate,1967,24,radio/TV,good,False,True
411,35,male,3,own,little,NA,7253,33,car,good,False,False
412,42,male,3,own,little,NA,2292,12,business,bad,False,False
413,40,male,1,rent,quite rich,NA,1597,10,car,good,True,True
414,35,female,2,own,NA,little,1381,24,car,bad,False,False
415,35,male,2,own,little,NA,5842,36,car,good,False,True
416,33,male,1,own,little,little,2579,12,car,bad,False,False
417,23,female,2,rent,NA,little,8471,18,education,good,False,True
418,31,female,3,own,quite rich,NA,2782,21,car,good,True,True
419,33,female,2,own,NA,moderate,1042,18,car,bad,False,False
420,20,female,2,rent,rich,NA,3186,15,car,good,True,True
421,30,male,2,own,NA,moderate,2028,12,car,good,True,True
422,47,male,1,own,little,moderate,958,12,car,good,True,True
423,34,male,3,own,moderate,NA,1591,21,furniture/equipment,good,True,True
424,25,female,2,own,NA,moderate,2762,12,furniture/equipment,bad,False,False
425,21,male,2,rent,little,moderate,2779,18,car,good,True,True
426,29,male,2,own,little,NA,2743,28,radio/TV,good,False,True
427,46,male,2,own,rich,NA,1149,18,radio/TV,good,True,True
428,20,male,2,own,little,NA,1313,9,furniture/equipment,good,True,True
429,55,female,0,free,little,little,1190,18,repairs,bad,False,False
430,74,male,1,own,little,NA,3448,5,business,good,True,True
431,29,male,3,own,little,moderate,11328,24,vacation/others,bad,False,False
432,36,male,3,free,little,little,1872,6,furniture/equipment,good,True,True
433,33,male,2,own,little,NA,2058,24,repairs,good,False,True
434,25,male,2,own,little,little,2136,9,furniture/equipment,good,True,True
435,25,male,2,own,NA,moderate,1484,12,radio/TV,bad,False,False
436,23,male,1,rent,quite rich,NA,660,6,repairs,good,True,True
437,37,female,2,own,rich,NA,1287,24,car,good,True,True
438,65,male,0,own,little,little,3394,42,repairs,good,True,True
439,26,female,0,own,little,rich,609,12,business,bad,False,False
440,39,male,3,own,little,NA,1884,12,car,good,True,True
441,30,female,2,own,little,little,1620,12,furniture/equipment,good,True,True
442,29,male,2,own,little,moderate,2629,20,vacation/others,good,True,True
443,41,male,1,own,little,NA,719,12,education,bad,False,False
444,30,female,3,own,little,moderate,5096,48,furniture/equipment,bad,False,False
445,41,female,1,rent,NA,NA,1244,9,education,good,True,True
446,34,female,2,own,little,little,1842,36,car,bad,False,False
447,35,male,2,own,little,moderate,2576,7,radio/TV,good,True,True
448,55,female,3,own,NA,rich,1424,12,furniture/equipment,good,True,True
449,61,male,2,own,rich,moderate,1512,15,repairs,bad,True,True
450,30,male,3,own,NA,NA,11054,36,car,good,False,False
451,29,female,2,own,little,NA,518,6,radio/TV,good,True,True
452,34,male,2,own,little,NA,2759,12,furniture/equipment,good,True,True
453,35,male,3,own,little,NA,2670,24,car,good,False,True
454,31,male,2,own,little,little,4817,24,car,bad,False,False
455,29,female,3,own,little,NA,2679,24,car,good,False,True
456,36,male,2,rent,little,little,3905,11,car,good,True,True
457,35,male,2,free,little,little,3386,12,car,bad,False,False
458,27,female,2,own,little,little,343,6,domestic appliances,good,True,True
459,32,male,2,own,little,NA,4594,18,radio/TV,good,True,True
460,37,male,2,own,little,little,3620,36,furniture/equipment,good,False,True
461,36,male,2,own,little,little,1721,15,car,good,True,True
462,34,female,3,rent,little,moderate,3017,12,furniture/equipment,good,True,True
463,38,male,2,own,NA,moderate,754,12,education,good,True,True
464,34,male,2,own,little,NA,1950,18,business,good,True,True
465,63,male,2,own,little,little,2924,24,car,good,True,True
466,29,female,1,rent,little,little,1659,24,radio/TV,bad,False,False
467,32,male,2,own,NA,NA,7238,48,radio/TV,good,False,False
468,26,female,2,own,little,NA,2764,33,business,good,False,True
469,35,male,1,own,little,NA,4679,24,car,good,False,True
470,22,male,2,rent,moderate,moderate,3092,24,radio/TV,bad,False,True
471,23,female,2,own,little,little,448,6,education,bad,False,False
472,28,male,1,own,little,little,654,9,car,bad,False,False
473,36,male,3,own,NA,NA,1238,6,education,good,True,True
474,33,male,2,own,little,moderate,1245,18,radio/TV,bad,False,False
475,26,female,2,rent,little,little,3114,18,furniture/equipment,bad,False,False
476,24,male,2,own,quite rich,NA,2569,39,car,good,False,True
477,25,male,2,own,little,rich,5152,24,radio/TV,good,False,True
478,39,male,1,own,moderate,moderate,1037,12,business,good,True,True
479,44,male,2,own,little,little,1478,15,furniture/equipment,good,True,True
480,23,female,1,own,little,moderate,3573,12,radio/TV,good,False,True
481,26,male,2,own,little,moderate,1201,24,car,good,False,True
482,57,female,2,rent,rich,little,3622,30,furniture/equipment,good,True,True
483,30,female,2,own,rich,NA,960,15,furniture/equipment,good,True,True
484,44,male,2,own,quite rich,NA,1163,12,car,good,True,True
485,47,male,3,own,little,moderate,1209,6,car,bad,False,False
486,52,male,2,own,little,NA,3077,12,radio/TV,good,True,True
487,62,female,2,free,little,NA,3757,24,car,good,True,True
488,35,male,1,rent,moderate,NA,1418,10,car,good,True,True
489,26,male,2,rent,little,NA,3518,6,car,good,True,True
490,26,male,2,own,little,NA,1934,12,radio/TV,good,True,True
491,42,female,3,free,little,moderate,8318,27,business,bad,False,False
492,27,female,2,own,moderate,NA,1237,6,radio/TV,good,True,True
493,38,male,2,own,NA,moderate,368,6,radio/TV,good,True,True
494,39,male,1,rent,little,little,2122,12,car,good,True,True
495,20,male,2,own,NA,little,2996,24,furniture/equipment,bad,False,False
496,29,male,3,rent,moderate,moderate,9034,36,furniture/equipment,bad,False,True
497,40,male,2,own,little,NA,1585,24,furniture/equipment,good,False,True
498,32,male,1,own,little,moderate,1301,18,radio/TV,good,True,True
499,28,male,2,own,moderate,rich,1323,6,car,good,True,True
500,27,female,2,own,little,little,3123,24,car,bad,False,False
501,42,male,2,free,little,little,5493,36,car,good,True,True
502,49,male,2,own,moderate,rich,1126,9,radio/TV,good,True,True
503,38,male,2,own,moderate,moderate,1216,24,radio/TV,bad,False,True
504,24,female,2,rent,little,little,1207,24,car,bad,False,False
505,27,male,1,own,NA,NA,1309,10,car,bad,False,False
506,36,male,2,own,quite rich,rich,2360,15,car,good,True,True
507,34,male,3,own,moderate,moderate,6850,15,car,bad,False,True
508,28,male,2,own,little,NA,1413,24,radio/TV,good,False,True
509,45,male,3,own,moderate,NA,8588,39,car,good,False,False
510,26,male,2,own,little,little,759,12,car,bad,False,False
511,32,male,3,free,little,NA,4686,36,car,good,False,True
512,26,male,2,rent,little,rich,2687,15,business,good,True,True
513,20,male,2,rent,little,moderate,585,12,radio/TV,good,True,True
514,54,male,2,own,NA,NA,2255,24,car,good,True,True
515,37,female,2,own,little,little,609,6,car,good,True,True
516,40,male,1,own,little,little,1361,6,car,good,True,True
517,23,female,2,rent,little,NA,7127,36,furniture/equipment,bad,False,False
518,43,male,2,own,moderate,little,1203,6,car,good,True,True
519,36,male,2,free,NA,NA,700,6,radio/TV,good,True,True
520,44,male,2,free,little,NA,5507,24,repairs,good,True,True
521,24,female,2,own,little,little,3190,18,radio/TV,bad,False,False
522,53,male,2,free,little,little,7119,48,furniture/equipment,bad,False,False
523,23,female,2,own,moderate,NA,3488,24,car,good,False,True
524,26,female,1,own,little,moderate,1113,18,radio/TV,good,True,True
525,30,male,2,own,little,moderate,7966,26,car,good,False,False
526,31,female,2,own,moderate,NA,1532,15,education,good,True,True
527,42,male,1,own,little,NA,1503,4,radio/TV,good,True,True
528,31,male,2,rent,little,little,2302,36,radio/TV,bad,False,False
529,41,male,1,own,little,little,662,6,car,good,True,True
530,32,male,2,own,little,moderate,2273,36,education,good,False,True
531,28,female,2,rent,moderate,moderate,2631,15,car,bad,False,True
532,41,male,2,rent,little,NA,1503,12,car,good,True,True
533,26,male,2,own,moderate,NA,1311,24,radio/TV,good,True,True
534,25,male,2,own,NA,NA,3105,24,radio/TV,good,False,True
535,33,male,2,rent,little,rich,2319,21,education,bad,False,False
536,75,female,3,own,NA,little,1374,6,car,good,True,True
537,37,female,2,own,little,moderate,3612,18,furniture/equipment,good,True,True
538,42,male,3,free,little,little,7763,48,car,bad,False,False
539,45,female,1,own,little,rich,3049,18,furniture/equipment,good,True,True
540,23,male,2,rent,little,moderate,1534,12,radio/TV,bad,False,False
541,60,male,2,free,little,NA,2032,24,car,good,True,True
542,31,male,2,own,NA,little,6350,30,furniture/equipment,bad,False,False
543,34,male,1,own,little,rich,2864,18,furniture/equipment,bad,False,False
544,61,male,1,own,little,NA,1255,12,car,good,True,True
545,43,male,2,free,little,little,1333,24,car,bad,False,False
546,37,female,2,own,little,NA,2022,24,car,good,False,True
547,32,male,2,own,little,NA,1552,24,radio/TV,good,False,True
548,24,female,1,own,little,little,626,12,radio/TV,bad,False,False
549,35,male,2,free,NA,NA,8858,48,car,good,False,False
550,23,female,2,own,NA,NA,996,12,repairs,good,True,True
551,45,male,1,own,quite rich,NA,1750,6,radio/TV,good,True,True
552,34,male,2,own,little,little,6999,48,radio/TV,bad,False,False
553,27,male,2,own,moderate,moderate,1995,12,car,good,True,True
554,67,female,3,own,little,moderate,1199,9,education,good,True,True
555,22,male,2,own,little,moderate,1331,12,radio/TV,bad,False,False
556,28,female,2,own,moderate,moderate,2278,18,car,bad,False,True
557,29,female,2,own,NA,NA,5003,21,car,bad,False,False
558,27,male,2,own,little,little,3552,24,furniture/equipment,bad,False,False
559,31,male,1,own,little,moderate,1928,18,furniture/equipment,bad,False,False
560,49,male,2,free,NA,little,2964,24,car,good,True,True
561,24,male,1,rent,little,little,1546,24,radio/TV,bad,False,False
562,29,female,2,own,little,rich,683,6,radio/TV,good,True,True
563,37,male,2,free,NA,moderate,12389,36,car,bad,False,False
564,37,male,3,own,NA,moderate,4712,24,business,good,False,True
565,23,female,2,rent,moderate,moderate,1553,24,radio/TV,good,False,True
566,36,male,2,own,little,little,1372,12,car,bad,False,False
567,34,male,2,own,rich,NA,2578,24,radio/TV,good,True,True
568,41,male,2,own,NA,moderate,3979,48,radio/TV,good,True,True
569,31,female,2,own,little,little,6758,48,radio/TV,bad,False,False
570,23,female,1,rent,little,little,3234,24,furniture/equipment,bad,False,False
571,38,male,2,own,little,NA,5954,30,radio/TV,good,False,True
572,26,female,3,rent,NA,NA,5433,24,car,good,False,True
573,22,female,1,own,little,little,806,15,business,good,True,True
574,27,male,1,own,little,moderate,1082,9,radio/TV,good,True,True
575,24,female,2,own,little,NA,2788,15,furniture/equipment,good,True,True
576,27,female,2,own,little,moderate,2930,12,radio/TV,good,True,True
577,33,female,2,own,NA,NA,1927,24,education,good,False,True
578,27,male,2,own,little,moderate,2820,36,car,bad,False,False
579,27,male,1,own,little,NA,937,24,education,good,False,True
580,30,male,2,own,little,moderate,1056,18,car,bad,False,False
581,49,male,1,own,little,moderate,3124,12,car,good,True,True
582,26,female,2,rent,little,NA,1388,9,furniture/equipment,good,True,True
583,33,male,1,rent,little,moderate,2384,36,repairs,bad,False,False
584,52,female,3,free,NA,NA,2133,12,car,good,True,True
585,20,female,2,rent,little,little,2039,18,furniture/equipment,bad,False,False
586,36,male,2,rent,little,little,2799,9,car,good,True,True
587,21,male,1,own,little,little,1289,12,furniture/equipment,good,True,True
588,47,male,1,own,little,little,1217,18,domestic appliances,bad,False,False
589,60,male,2,own,little,little,2246,12,furniture/equipment,bad,False,False
590,58,female,1,own,little,little,385,12,radio/TV,good,True,True
591,42,female,2,rent,NA,moderate,1965,24,car,good,True,True
592,36,female,1,own,rich,NA,1572,21,business,good,True,True
593,20,female,1,rent,little,moderate,2718,24,car,bad,False,False
594,40,male,3,own,NA,little,1358,24,vacation/others,bad,False,False
595,32,female,1,own,moderate,moderate,931,6,car,bad,False,True
596,23,female,2,rent,little,little,1442,24,car,bad,False,False
597,36,male,1,own,little,moderate,4241,24,business,bad,False,False
598,31,male,2,own,little,NA,2775,18,car,bad,False,False
599,32,male,2,free,little,NA,3863,24,business,good,False,True
600,45,female,2,own,little,moderate,2329,7,radio/TV,good,True,True
601,30,female,2,own,little,moderate,918,9,furniture/equipment,bad,False,False
602,34,female,1,free,little,moderate,1837,24,education,bad,False,False
603,28,female,3,own,little,NA,3349,36,furniture/equipment,bad,False,False
604,23,female,2,own,little,rich,1275,10,furniture/equipment,good,True,True
605,22,male,2,own,quite rich,little,2828,24,furniture/equipment,good,False,True
606,74,male,3,own,little,NA,4526,24,business,good,True,True
607,50,female,2,free,moderate,moderate,2671,36,radio/TV,bad,False,True
608,33,male,2,own,little,NA,2051,18,radio/TV,good,True,True
609,45,male,2,free,NA,NA,1300,15,car,good,True,True
610,22,female,2,own,moderate,little,741,12,domestic appliances,bad,False,True
611,48,female,1,free,moderate,rich,1240,10,car,bad,False,True
612,29,female,2,own,rich,little,3357,21,radio/TV,good,True,True
613,22,female,2,rent,little,little,3632,24,car,good,False,True
614,22,female,2,own,little,NA,1808,18,furniture/equipment,bad,False,False
615,48,male,3,own,NA,moderate,12204,48,business,good,False,False
616,27,male,3,free,NA,moderate,9157,60,radio/TV,good,False,False
617,37,male,2,rent,little,little,3676,6,car,good,True,True
618,21,female,2,rent,moderate,moderate,3441,30,furniture/equipment,bad,False,True
619,49,male,1,own,little,NA,640,12,car,good,True,True
620,27,male,2,own,little,moderate,3652,21,business,good,True,True
621,32,male,2,own,little,NA,1530,18,car,bad,False,False
622,38,male,2,own,NA,NA,3914,48,business,bad,False,False
623,22,female,2,rent,little,little,1858,12,furniture/equipment,good,True,True
624,65,male,2,free,little,little,2600,18,radio/TV,bad,False,False
625,35,male,2,own,NA,NA,1979,15,radio/TV,good,True,True
626,41,male,2,own,little,rich,2116,6,furniture/equipment,good,True,True
627,29,male,2,own,moderate,moderate,1437,9,car,bad,False,True
628,36,male,2,own,quite rich,NA,4042,42,furniture/equipment,good,False,True
629,64,male,1,own,NA,NA,3832,9,education,good,True,True
630,28,female,2,own,little,little,3660,24,radio/TV,good,False,True
631,44,male,2,own,little,little,1553,18,furniture/equipment,bad,False,False
632,23,male,2,own,NA,moderate,1444,15,radio/TV,good,True,True
633,19,female,2,rent,little,NA,1980,9,furniture/equipment,bad,False,False
634,25,female,1,own,little,moderate,1355,24,car,bad,False,False
635,47,male,2,own,little,NA,1393,12,education,good,True,True
636,28,female,2,own,quite rich,NA,1376,24,radio/TV,good,False,True
637,21,male,2,own,little,NA,15653,60,radio/TV,good,False,False
638,34,female,2,own,little,NA,1493,12,radio/TV,good,True,True
639,26,male,2,own,little,little,4370,42,radio/TV,bad,False,False
640,27,female,0,own,little,little,750,18,education,bad,False,False
641,38,male,1,own,little,moderate,1308,15,repairs,good,True,True
642,40,male,3,own,moderate,NA,4623,15,education,bad,False,True
643,33,male,2,own,little,NA,1851,24,radio/TV,good,False,True
644,32,male,3,own,little,little,1880,18,radio/TV,good,True,True
645,27,male,2,rent,NA,NA,7980,36,business,bad,False,False
646,32,male,2,own,little,little,4583,30,furniture/equipment,good,False,True
647,26,female,2,own,quite rich,NA,1386,12,car,bad,False,False
648,38,male,2,free,little,rich,947,24,car,bad,False,False
649,40,male,1,rent,little,little,684,12,education,bad,False,False
650,50,male,3,free,little,little,7476,48,education,good,False,False
651,37,male,1,own,little,moderate,1922,12,furniture/equipment,bad,False,False
652,45,male,2,own,little,little,2303,24,car,bad,False,False
653,42,male,3,own,moderate,moderate,8086,36,car,bad,False,True
654,35,male,2,own,little,NA,2346,24,car,good,False,True
655,22,male,2,free,little,little,3973,14,car,good,False,True
656,41,male,1,own,little,moderate,888,12,car,bad,False,False
657,37,male,2,own,NA,NA,10222,48,radio/TV,good,False,False
658,28,female,2,own,little,moderate,4221,30,business,good,False,True
659,41,male,2,own,little,moderate,6361,18,furniture/equipment,good,False,True
660,23,male,2,rent,little,rich,1297,12,radio/TV,good,True,True
661,23,male,2,own,NA,little,900,12,car,bad,False,False
662,50,male,2,own,little,NA,2241,21,furniture/equipment,good,True,True
663,35,male,3,own,little,moderate,1050,6,furniture/equipment,good,True,True
664,50,female,1,own,little,rich,1047,6,education,good,True,True
665,27,male,3,own,little,NA,6314,24,vacation/others,good,False,True
666,34,male,2,own,rich,moderate,3496,30,furniture/equipment,good,True,True
667,27,female,2,own,little,NA,3609,48,business,good,False,True
668,43,male,2,rent,little,little,4843,12,car,bad,False,False
669,47,male,2,own,little,rich,3017,30,radio/TV,good,True,True
670,27,male,1,own,moderate,NA,4139,24,business,good,True,True
671,31,male,2,own,moderate,NA,5742,36,business,good,True,True
672,42,male,3,own,little,NA,10366,60,car,good,False,False
673,24,male,2,own,quite rich,NA,2080,6,car,good,True,True
674,41,male,1,own,quite rich,NA,2580,21,business,bad,False,False
675,26,female,3,rent,little,NA,4530,30,radio/TV,good,False,True
676,33,male,2,own,little,NA,5150,24,furniture/equipment,good,False,True
677,24,male,2,own,moderate,moderate,5595,72,radio/TV,bad,False,True
678,64,male,1,rent,little,little,2384,24,radio/TV,good,True,True
679,26,female,2,own,little,NA,1453,18,radio/TV,good,True,True
680,56,female,2,own,little,NA,1538,6,education,good,True,True
681,37,male,2,free,NA,NA,2279,12,radio/TV,good,True,True
682,33,male,2,own,little,NA,1478,15,radio/TV,good,True,True
683,47,male,2,free,little,NA,5103,24,radio/TV,good,True,True
684,31,male,1,own,moderate,moderate,9857,36,business,good,False,False
685,34,male,2,free,NA,NA,6527,60,car,good,False,True
686,27,male,2,own,NA,rich,1347,10,radio/TV,good,True,True
687,30,male,2,free,moderate,moderate,2862,36,car,good,True,True
688,35,male,2,own,moderate,NA,2753,9,radio/TV,good,True,True
689,31,male,2,own,rich,little,3651,12,car,good,True,True
690,25,male,2,own,little,little,975,15,furniture/equipment,good,True,True
691,25,female,1,own,moderate,moderate,2631,15,repairs,good,True,True
692,29,male,2,own,moderate,moderate,2896,24,radio/TV,good,True,True
693,44,male,1,own,NA,little,4716,6,car,good,True,True
694,28,male,2,own,little,NA,2284,24,radio/TV,good,False,True
695,50,male,2,rent,quite rich,NA,1236,6,car,good,True,True
696,29,male,2,own,little,moderate,1103,12,radio/TV,good,True,True
697,38,female,0,own,little,NA,926,12,car,good,True,True
698,24,male,2,own,little,NA,1800,18,radio/TV,good,True,True
699,40,male,3,rent,little,rich,1905,15,education,good,True,True
700,29,female,1,rent,quite rich,NA,1123,12,furniture/equipment,bad,False,False
701,46,male,2,free,little,little,6331,48,car,bad,False,False
702,47,female,2,free,moderate,rich,1377,24,radio/TV,good,True,True
703,41,male,2,own,moderate,moderate,2503,30,business,good,True,True
704,32,female,2,own,little,moderate,2528,27,business,good,False,True
705,35,female,2,free,quite rich,NA,5324,15,car,good,True,True
706,24,male,2,own,moderate,moderate,6560,48,car,bad,False,True
707,25,female,2,rent,little,moderate,2969,12,furniture/equipment,bad,False,False
708,25,female,2,own,little,moderate,1206,9,radio/TV,good,True,True
709,37,male,1,own,little,moderate,2118,9,radio/TV,good,True,True
710,32,male,3,own,quite rich,NA,629,18,radio/TV,good,True,True
711,35,female,2,free,little,little,1198,6,education,bad,False,False
712,46,male,3,own,NA,NA,2476,21,car,good,True,True
713,25,male,1,own,little,little,1138,9,radio/TV,good,True,True
714,27,male,3,own,little,moderate,14027,60,car,bad,False,False
715,63,male,2,own,NA,NA,7596,30,car,good,False,False
716,40,male,2,own,NA,NA,3077,30,radio/TV,good,False,True
717,32,male,3,free,little,NA,1505,18,radio/TV,good,True,True
718,31,male,2,own,NA,rich,3148,24,radio/TV,good,False,True
719,31,male,2,own,moderate,moderate,6148,20,car,good,False,True
720,34,male,3,own,little,rich,1337,9,radio/TV,bad,False,False
721,24,female,2,rent,rich,moderate,433,6,education,bad,False,True
722,24,female,1,own,little,little,1228,12,car,bad,False,False
723,66,female,1,own,quite rich,moderate,790,9,radio/TV,good,True,True
724,21,female,2,rent,little,NA,2570,27,car,bad,False,False
725,41,female,1,own,rich,NA,250,6,car,good,True,True
726,47,male,1,own,quite rich,NA,1316,15,radio/TV,good,True,True
727,25,female,2,rent,little,little,1882,18,radio/TV,bad,False,False
728,59,female,2,rent,little,moderate,6416,48,business,bad,False,False
729,36,male,2,own,rich,rich,1275,24,business,good,True,True
730,33,male,2,own,little,moderate,6403,24,radio/TV,good,False,True
731,21,male,1,rent,little,little,1987,24,radio/TV,bad,False,False
732,44,female,1,own,little,moderate,760,8,radio/TV,good,True,True
733,28,female,2,rent,rich,NA,2603,24,car,good,True,True
734,37,female,2,own,little,NA,3380,4,car,good,True,True
735,29,female,0,own,NA,moderate,3990,36,domestic appliances,good,False,True
736,23,female,3,rent,little,moderate,11560,24,car,bad,False,False
737,35,male,1,own,moderate,little,4380,18,car,good,True,True
738,45,male,3,own,little,NA,6761,6,car,good,True,True
739,26,female,1,rent,moderate,moderate,4280,30,business,bad,False,True
740,32,male,2,own,moderate,little,2325,24,car,good,True,True
741,23,male,1,own,little,moderate,1048,10,radio/TV,good,True,True
742,41,male,2,own,NA,NA,3160,21,radio/TV,good,True,True
743,22,male,2,own,quite rich,little,2483,24,furniture/equipment,good,False,True
744,30,male,3,own,NA,little,14179,39,furniture/equipment,good,False,False
745,28,male,1,own,little,little,1797,13,business,good,True,True
746,23,female,2,rent,little,little,2511,15,car,good,True,True
747,37,female,1,own,little,little,1274,12,car,bad,False,False
748,26,male,2,own,NA,NA,5248,21,car,good,True,True
749,33,male,2,own,little,NA,3029,15,car,good,True,True
750,49,female,2,own,little,little,428,6,furniture/equipment,good,True,True
751,23,female,1,own,little,little,976,18,car,bad,False,False
752,23,female,1,rent,moderate,moderate,841,12,business,good,True,True
753,25,female,2,own,little,NA,5771,30,radio/TV,good,False,True
754,55,male,2,free,rich,NA,1555,12,repairs,bad,True,True
755,32,female,2,rent,NA,little,1285,24,car,bad,False,False
756,74,male,0,own,little,rich,1299,6,car,good,True,True
757,39,male,2,free,NA,rich,1271,15,radio/TV,bad,False,False
758,31,male,2,own,little,NA,1393,24,car,good,False,True
759,35,male,2,own,little,little,691,12,car,bad,False,False
760,59,female,2,own,NA,NA,5045,15,car,good,True,True
761,24,female,2,rent,little,little,2124,18,furniture/equipment,bad,False,False
762,24,male,1,own,little,little,2214,12,radio/TV,good,True,True
763,30,male,3,free,NA,NA,12680,21,car,bad,False,False
764,27,male,2,own,moderate,NA,2463,24,car,good,True,True
765,40,male,1,own,little,moderate,1155,12,radio/TV,good,True,True
766,31,male,1,own,little,little,3108,30,furniture/equipment,bad,False,False
767,31,female,2,rent,NA,NA,2901,10,car,good,True,True
768,28,male,2,rent,little,moderate,3617,12,furniture/equipment,good,True,True
769,63,male,1,own,little,NA,1655,12,radio/TV,good,True,True
770,26,female,2,rent,NA,little,2812,24,car,good,False,True
771,25,female,3,own,little,little,8065,36,education,bad,False,False
772,36,male,3,own,little,NA,3275,21,car,good,True,True
773,52,male,2,own,moderate,NA,2223,24,radio/TV,good,True,True
774,66,male,0,free,quite rich,rich,1480,12,car,good,True,True
775,25,female,2,rent,NA,little,1371,24,car,bad,False,False
776,37,male,2,own,little,NA,3535,36,car,good,False,True
777,25,female,2,own,little,little,3509,18,radio/TV,good,False,True
778,38,male,3,own,rich,NA,5711,36,car,good,True,True
779,67,female,2,own,little,moderate,3872,18,repairs,good,True,True
780,25,male,2,own,little,moderate,4933,39,radio/TV,bad,False,False
781,60,male,2,own,rich,NA,1940,24,car,good,True,True
782,31,male,1,own,little,moderate,1410,12,education,good,True,True
783,23,female,1,own,moderate,moderate,836,12,car,bad,False,True
784,60,male,3,own,NA,moderate,6468,20,car,good,False,True
785,35,male,1,own,rich,moderate,1941,18,business,good,True,True
786,40,male,2,own,quite rich,NA,2675,22,radio/TV,good,True,True
787,38,male,2,own,NA,NA,2751,48,car,good,False,True
788,50,male,2,free,little,moderate,6224,48,education,bad,False,False
789,27,male,2,own,little,little,5998,40,education,bad,False,False
790,39,female,2,own,little,moderate,1188,21,business,bad,False,False
791,41,male,3,own,NA,NA,6313,24,car,good,False,True
792,27,male,2,own,NA,NA,1221,6,furniture/equipment,good,True,True
793,51,male,2,free,little,rich,2892,24,furniture/equipment,good,True,True
794,32,male,2,rent,quite rich,NA,3062,24,furniture/equipment,good,False,True
795,22,female,2,rent,moderate,NA,2301,9,furniture/equipment,good,True,True
796,51,male,2,free,NA,little,7511,18,car,bad,False,False
797,22,female,1,rent,little,NA,1258,12,furniture/equipment,good,True,True
798,54,male,2,own,NA,NA,717,24,car,good,True,True
799,35,male,0,own,NA,moderate,1549,9,car,good,True,True
800,54,male,2,free,little,NA,1597,24,education,good,True,True
801,48,female,1,rent,little,moderate,1795,18,radio/TV,good,True,True
802,24,female,2,own,little,little,4272,20,furniture/equipment,good,False,True
803,35,male,2,own,NA,NA,976,12,radio/TV,good,True,True
804,24,female,0,rent,NA,moderate,7472,12,car,good,False,True
805,24,male,2,own,little,little,9271,36,car,bad,False,False
806,26,male,1,own,little,moderate,590,6,radio/TV,good,True,True
807,65,male,2,own,NA,NA,930,12,radio/TV,good,True,True
808,55,male,3,free,little,moderate,9283,42,car,good,False,False
809,26,female,0,rent,little,moderate,1778,15,car,bad,False,False
810,26,male,2,own,little,moderate,907,8,business,good,True,True
811,28,male,1,own,little,moderate,484,6,radio/TV,good,True,True
812,24,male,2,own,little,little,9629,36,car,bad,False,False
813,54,male,2,own,little,little,3051,48,domestic appliances,bad,False,False
814,46,male,2,free,little,little,3931,48,car,bad,False,False
815,54,female,2,rent,little,moderate,7432,36,car,good,False,False
816,62,male,2,own,quite rich,NA,1338,6,domestic appliances,good,True,True
817,24,female,2,rent,little,NA,1554,6,radio/TV,good,True,True
818,43,male,3,own,little,little,15857,36,vacation/others,good,False,False
819,26,male,2,own,little,little,1345,18,radio/TV,bad,False,False
820,27,male,2,own,little,NA,1101,12,car,good,True,True
821,24,male,2,own,little,rich,3016,12,radio/TV,good,False,True
822,41,male,2,own,little,little,2712,36,furniture/equipment,bad,False,False
823,47,male,1,own,little,little,731,8,car,good,True,True
824,35,male,3,own,little,NA,3780,18,furniture/equipment,good,True,True
825,30,male,2,own,little,little,1602,21,car,good,True,True
826,33,female,2,rent,little,little,3966,18,car,bad,False,False
827,36,male,2,own,little,NA,4165,18,business,bad,False,False
828,47,male,2,free,NA,little,8335,36,car,bad,False,False
829,38,male,2,free,NA,moderate,6681,48,business,good,False,True
830,44,male,2,own,quite rich,NA,2375,24,business,good,True,True
831,23,female,2,rent,little,little,1216,18,car,bad,False,False
832,29,male,2,rent,little,little,11816,45,business,bad,False,False
833,42,female,2,own,NA,moderate,5084,24,radio/TV,good,True,True
834,25,female,1,own,little,rich,2327,15,radio/TV,bad,False,False
835,48,male,2,own,little,little,1082,12,car,bad,False,False
836,21,female,2,own,NA,NA,886,12,radio/TV,good,True,True
837,23,female,1,rent,little,NA,601,4,furniture/equipment,good,True,True
838,63,male,2,own,little,little,2957,24,car,good,True,True
839,46,male,2,own,little,NA,2611,24,radio/TV,good,True,True
840,29,male,2,own,little,little,5179,36,furniture/equipment,bad,False,False
841,28,male,1,own,little,NA,2993,21,car,good,True,True
842,23,female,2,own,little,NA,1943,18,repairs,bad,False,False
843,50,male,2,own,little,NA,1559,24,business,good,True,True
844,47,male,2,own,little,NA,3422,18,furniture/equipment,good,True,True
845,35,male,2,own,NA,moderate,3976,21,furniture/equipment,good,True,True
846,68,male,2,rent,NA,NA,6761,18,car,bad,False,False
847,28,male,2,own,little,NA,1249,24,car,good,False,True
848,59,male,2,own,little,little,1364,9,radio/TV,good,True,True
849,57,male,1,own,little,little,709,12,radio/TV,bad,False,False
850,33,male,2,rent,little,little,2235,20,car,bad,False,False
851,43,male,2,own,NA,NA,4042,24,car,good,True,True
852,35,male,2,free,little,NA,1471,15,radio/TV,good,True,True
853,32,male,1,free,little,little,1442,18,car,bad,False,False
854,45,male,2,own,little,NA,10875,36,car,good,False,False
855,33,male,2,own,moderate,NA,1474,24,car,good,True,True
856,40,female,2,own,NA,NA,894,10,education,good,True,True
857,28,male,2,free,little,NA,3343,15,furniture/equipment,good,True,True
858,29,female,2,own,little,little,3959,15,car,bad,False,False
859,26,male,2,rent,moderate,NA,3577,9,car,good,True,True
860,27,male,2,own,rich,NA,5804,24,car,good,True,True
861,28,male,2,own,little,NA,2169,18,business,bad,False,False
862,35,female,2,own,little,little,2439,24,radio/TV,bad,False,False
863,32,male,1,own,rich,NA,4526,27,furniture/equipment,good,True,True
864,25,male,1,rent,little,NA,2210,10,furniture/equipment,bad,False,False
865,20,female,2,rent,quite rich,NA,2221,15,furniture/equipment,good,True,True
866,27,female,2,own,little,little,2389,18,radio/TV,good,True,True
867,42,male,2,own,little,NA,3331,12,furniture/equipment,good,True,True
868,37,male,2,own,NA,NA,7409,36,business,good,False,False
869,24,female,2,rent,little,little,652,12,furniture/equipment,good,True,True
870,40,female,2,own,quite rich,NA,7678,36,furniture/equipment,good,False,False
871,46,male,2,own,little,rich,1343,6,car,good,True,True
872,26,male,2,own,moderate,little,1382,24,business,good,True,True
873,24,female,2,own,NA,NA,874,15,domestic appliances,good,True,True
874,29,male,1,own,little,little,3590,12,furniture/equipment,good,True,True
875,40,female,2,own,rich,moderate,1322,11,car,good,True,True
876,36,male,3,free,little,little,1940,18,radio/TV,good,True,True
877,28,male,2,own,little,NA,3595,36,radio/TV,good,False,True
878,27,male,3,free,little,little,1422,9,car,bad,False,False
879,36,male,2,own,NA,NA,6742,30,radio/TV,good,False,True
880,38,male,3,own,little,NA,7814,24,car,good,False,True
881,48,male,2,free,NA,NA,9277,24,car,good,False,True
882,36,male,2,own,NA,moderate,2181,30,car,good,False,True
883,65,female,0,own,little,NA,1098,18,radio/TV,good,True,True
884,43,male,2,own,little,moderate,4057,24,furniture/equipment,bad,False,False
885,53,female,2,own,little,little,795,12,education,bad,False,False
886,34,male,2,own,NA,moderate,2825,24,business,good,False,True
887,23,male,2,own,little,moderate,15672,48,business,bad,False,False
888,34,male,3,own,little,NA,6614,36,car,good,False,True
889,40,male,2,rent,NA,NA,7824,28,car,good,False,False
890,43,male,3,own,little,little,2442,27,business,good,True,True
891,46,male,2,own,little,NA,1829,15,radio/TV,good,True,True
892,38,male,1,own,little,little,2171,12,car,good,True,True
893,34,male,2,own,little,moderate,5800,36,car,good,False,True
894,29,male,2,own,NA,NA,1169,18,radio/TV,good,True,True
895,31,male,3,own,NA,NA,8947,36,car,good,False,False
896,28,female,3,rent,little,little,2606,21,radio/TV,good,True,True
897,35,female,2,own,rich,NA,1592,12,furniture/equipment,good,True,True
898,33,female,1,rent,NA,NA,2186,15,furniture/equipment,good,True,True
899,42,male,2,own,little,little,4153,18,furniture/equipment,bad,False,False
900,43,male,2,rent,little,little,2625,16,car,bad,False,False
901,44,male,2,own,NA,NA,3485,20,car,good,True,True
902,42,male,2,free,NA,NA,10477,36,car,good,False,False
903,40,male,2,rent,NA,NA,1386,15,radio/TV,good,True,True
904,36,male,3,own,little,NA,1278,24,radio/TV,good,False,True
905,20,male,3,rent,little,little,1107,12,radio/TV,good,True,True
906,24,male,1,own,NA,little,3763,21,car,good,False,True
907,27,male,2,own,NA,moderate,3711,36,education,good,False,True
908,46,female,1,own,little,NA,3594,15,car,good,True,True
909,33,female,1,own,NA,moderate,3195,9,car,good,True,True
910,34,female,2,own,little,NA,4454,36,radio/TV,good,False,True
911,25,female,1,own,little,moderate,4736,24,furniture/equipment,bad,False,False
912,25,female,2,own,NA,moderate,2991,30,radio/TV,good,False,True
913,28,male,2,own,rich,NA,2142,11,business,good,True,True
914,31,male,2,rent,little,little,3161,24,business,bad,False,False
915,32,female,3,own,little,moderate,18424,48,vacation/others,bad,False,False
916,32,male,2,own,moderate,NA,2848,10,car,good,True,True
917,68,male,3,own,little,little,14896,6,car,bad,False,False
918,33,male,2,own,moderate,little,2359,24,furniture/equipment,bad,False,True
919,39,male,3,rent,little,little,3345,24,furniture/equipment,bad,False,False
920,28,female,2,own,little,NA,1817,18,furniture/equipment,good,True,True
921,37,male,3,own,quite rich,NA,12749,48,radio/TV,good,False,False
922,22,female,2,rent,little,little,1366,9,radio/TV,bad,False,False
923,30,male,2,rent,little,moderate,2002,12,car,good,True,True
924,55,male,2,own,little,little,6872,24,furniture/equipment,bad,False,False
925,46,male,2,own,little,little,697,12,car,bad,False,False
926,21,female,2,rent,little,little,1049,18,furniture/equipment,good,True,True
927,39,male,2,free,little,little,10297,48,car,bad,False,False
928,58,male,2,own,NA,NA,1867,30,radio/TV,good,True,True
929,43,male,1,own,little,little,1344,12,car,good,True,True
930,24,male,1,own,little,little,1747,24,furniture/equipment,good,False,True
931,22,female,2,own,little,moderate,1670,9,radio/TV,bad,False,False
932,30,male,2,own,little,NA,1224,9,car,good,True,True
933,42,male,2,own,quite rich,NA,522,12,radio/TV,good,True,True
934,23,female,2,own,little,little,1498,12,radio/TV,good,True,True
935,30,male,3,own,moderate,moderate,1919,30,radio/TV,bad,False,True
936,28,female,1,own,little,rich,745,9,radio/TV,bad,False,False
937,30,male,3,rent,little,moderate,2063,6,radio/TV,good,True,True
938,42,male,2,free,little,moderate,6288,60,education,bad,False,False
939,46,male,3,own,NA,NA,6842,24,car,good,False,True
940,45,male,3,own,NA,NA,3527,12,car,good,True,True
941,31,male,1,own,little,NA,1546,10,car,good,True,True
942,31,male,2,own,NA,NA,929,24,furniture/equipment,good,False,True
943,42,male,1,own,little,NA,1455,4,car,good,True,True
944,46,female,2,rent,little,little,1845,15,furniture/equipment,good,True,True
945,30,female,2,own,quite rich,moderate,8358,48,car,good,False,False
946,30,male,2,free,quite rich,little,3349,24,furniture/equipment,bad,False,False
947,38,male,3,own,NA,NA,2859,12,car,good,True,True
948,43,male,1,own,little,NA,1533,18,furniture/equipment,bad,False,False
949,31,male,2,own,moderate,NA,3621,24,radio/TV,bad,False,True
950,40,male,0,own,little,moderate,3590,18,business,good,True,True
951,24,male,2,own,little,little,2145,36,business,bad,False,False
952,28,female,2,rent,quite rich,moderate,4113,24,car,bad,False,False
953,26,female,3,own,little,NA,10974,36,furniture/equipment,bad,False,False
954,29,female,2,own,little,little,1893,12,car,good,True,True
955,57,female,3,rent,rich,little,1231,24,radio/TV,good,True,True
956,49,male,1,own,NA,rich,3656,30,radio/TV,good,True,True
957,37,male,1,own,little,moderate,1154,9,radio/TV,good,True,True
958,45,male,1,own,little,little,4006,28,car,bad,False,False
959,30,male,2,free,moderate,moderate,3069,24,furniture/equipment,good,True,True
960,30,male,2,rent,little,NA,1740,6,radio/TV,good,True,True
961,47,male,2,own,little,moderate,2353,21,car,good,True,True
962,29,male,2,own,NA,NA,3556,15,car,good,True,True
963,35,male,2,own,quite rich,NA,2397,24,radio/TV,bad,False,False
964,22,male,1,own,little,moderate,454,6,repairs,good,True,True
965,26,female,2,own,NA,moderate,1715,30,radio/TV,good,False,True
966,23,male,1,own,quite rich,moderate,2520,27,radio/TV,bad,False,False
967,54,female,3,rent,little,NA,3568,15,radio/TV,good,True,True
968,29,male,2,rent,NA,NA,7166,42,radio/TV,good,False,False
969,40,male,1,own,little,little,3939,11,car,good,True,True
970,22,male,2,own,moderate,moderate,1514,15,repairs,good,True,True
971,43,male,1,own,little,NA,7393,24,car,good,False,True
972,29,female,0,rent,little,little,1193,24,car,bad,False,False
973,36,male,2,rent,little,little,7297,60,business,bad,False,False
974,33,female,2,own,little,NA,2831,30,radio/TV,good,False,True
975,57,female,1,own,quite rich,rich,1258,24,radio/TV,good,True,True
976,64,female,2,own,little,moderate,753,6,radio/TV,good,True,True
977,42,male,2,own,NA,moderate,2427,18,business,good,True,True
978,47,male,1,own,little,NA,2538,24,car,bad,False,False
979,25,male,2,rent,moderate,moderate,1264,15,car,bad,False,True
980,49,male,2,own,little,moderate,8386,30,furniture/equipment,bad,False,False
981,33,male,3,rent,little,NA,4844,48,business,bad,False,False
982,28,female,3,own,moderate,rich,2923,21,car,good,True,True
983,26,male,2,own,little,little,8229,36,car,bad,False,False
984,30,male,1,own,little,NA,2028,24,furniture/equipment,good,False,True
985,25,female,2,rent,little,little,1433,15,furniture/equipment,good,True,True
986,33,male,2,own,little,rich,6289,42,business,good,False,True
987,64,female,2,own,moderate,NA,1409,13,radio/TV,good,True,True
988,29,male,3,free,little,little,6579,24,car,good,False,True
989,48,male,1,own,little,moderate,1743,24,radio/TV,good,True,True
990,37,male,1,own,NA,NA,3565,12,education,good,True,True
991,34,male,1,own,moderate,NA,1569,15,radio/TV,good,True,True
992,23,male,1,rent,NA,little,1936,18,radio/TV,good,True,True
993,30,male,3,own,little,little,3959,36,furniture/equipment,good,False,True
994,50,male,2,own,NA,NA,2390,12,car,good,True,True
995,31,female,1,own,little,NA,1736,12,furniture/equipment,good,True,True
996,40,male,3,own,little,little,3857,30,car,good,False,True
997,38,male,2,own,little,NA,804,12,radio/TV,good,True,True
998,23,male,2,free,little,little,1845,45,radio/TV,bad,False,False
999,27,male,2,own,moderate,moderate,4576,45,car,good,True,True
